{"main_loss": [0.004998114891350269, 0.0049951509572565556, 0.00499311788007617, 0.004995736293494701, 0.004990311339497566, 0.004981354810297489, 0.004974122624844313, 0.00497032143175602, 0.004963083192706108, 0.004958197474479675, 0.004949833732098341, 0.0049372767098248005, 0.00493366364389658, 0.00493180425837636, 0.004923911765217781, 0.004911697003990412, 0.004903433844447136, 0.004892017692327499, 0.004879296291619539, 0.004875152371823788, 0.004857057239860296, 0.004853483755141497, 0.00485067768022418, 0.004840841982513666, 0.004830288700759411, 0.004826688207685947, 0.004814537707716227, 0.004806417506188154, 0.00479583814740181, 0.004790922161191702, 0.00478382920846343, 0.004778051283210516, 0.004776590038090944, 0.004773964639753103, 0.004772915970534086, 0.004772020038217306, 0.0047724125906825066, 0.004766322206705809, 0.004761063028126955, 0.0047594658099114895, 0.004761101678013802, 0.0047559794038534164, 0.00475279800593853, 0.004750723950564861, 0.004749296698719263, 0.004747425671666861, 0.004747151862829924, 0.004747311118990183, 0.004746371880173683, 0.004746950697153807, 0.004742261487990618, 0.00474295299500227, 0.004741206299513578, 0.004743463825434446, 0.004742806311696768, 0.004741766955703497, 0.00474353414028883, 0.004745382349938154, 0.004744911100715399, 0.004745735786855221, 0.004745046142488718, 0.004744349513202906, 0.004743120167404413, 0.0047420659102499485, 0.004740225616842508, 0.0047444128431379795, 0.004743558820337057, 0.004745774436742067, 0.004745281767100096, 0.0047441571950912476, 0.004744056146591902, 0.004744214005768299, 0.004743529018014669, 0.004742125514894724, 0.004742650780826807, 0.004741789773106575, 0.004743317142128944, 0.004742202814668417, 0.004740988370031118, 0.004739489872008562, 0.004740355536341667, 0.004739074502140284, 0.0047387112863361835, 0.0047378032468259335, 0.004735931754112244, 0.004736246075481176, 0.004737258888781071, 0.004735856782644987, 0.004736579023301601, 0.0047357650473713875, 0.0047340732999145985, 0.004733186215162277, 0.004731259774416685, 0.004732147324830294, 0.004729132633656263, 0.00473048584535718, 0.004729260224848986, 0.004728918895125389, 0.004728018771857023, 0.004727815743535757], "normality_loss": [13.412941932678223, 12.512794494628906, 11.641935348510742, 10.800864219665527, 9.990494728088379, 9.211539268493652, 8.464621543884277, 7.75022554397583, 7.068884372711182, 6.421165943145752, 5.807356357574463, 5.227566719055176, 4.681953430175781, 4.17063570022583, 3.6934781074523926, 3.250236988067627, 2.840498208999634, 2.463817834854126, 2.1195671558380127, 1.806898832321167, 1.5249395370483398, 1.27261483669281, 1.0486806631088257, 0.8518615961074829, 0.6806362271308899, 0.5335090160369873, 0.40877851843833923, 0.30475956201553345, 0.21959471702575684, 0.15151479840278625, 0.09864602982997894, 0.05917045846581459, 0.03127674385905266, 0.013237045146524906, 0.0033712442964315414, 0.00011183653259649873, 0.0019960200879722834, 0.007700575981289148, 0.016026442870497704, 0.025930605828762054, 0.03652649000287056, 0.04706371948122978, 0.05694246664643288, 0.06570480763912201, 0.07302992790937424, 0.07869706302881241, 0.08261165767908096, 0.08476407825946808, 0.08519204705953598, 0.08403903990983963, 0.08148548007011414, 0.07772564888000488, 0.07296618819236755, 0.06745872646570206, 0.06141459941864014, 0.055060915648937225, 0.04859370365738869, 0.04218785837292671, 0.036002062261104584, 0.03016686625778675, 0.02476559393107891, 0.01988527737557888, 0.015568900853395462, 0.011831307783722878, 0.008676133118569851, 0.006088537164032459, 0.004034786485135555, 0.0024705780670046806, 0.001344081130810082, 0.0005986354080960155, 0.00017301713523920625, 8.674456694279797e-06, 4.749135405290872e-05, 0.00023544947907794267, 0.0005218232981860638, 0.0008664827910251915, 0.0012276031775400043, 0.0015813002828508615, 0.0018999595195055008, 0.0021713925525546074, 0.002374171046540141, 0.0025143155362457037, 0.0025852895341813564, 0.002589515643194318, 0.002533473540097475, 0.002424409380182624, 0.0022716110106557608, 0.002087476896122098, 0.001879048766568303, 0.001656767912209034, 0.001429903320968151, 0.0012079505249857903, 0.000996110844425857, 0.0007993438630364835, 0.0006222591619007289, 0.00046722785918973386, 0.00033687721588648856, 0.00023005243565421551, 0.0001459824270568788, 8.34705206216313e-05], "total_loss": [13.417940139770508, 12.517789840698242, 11.646928787231445, 10.805859565734863, 9.995485305786133, 9.216520309448242, 8.469595909118652, 7.7551960945129395, 7.07384729385376, 6.426124095916748, 5.8123064041137695, 5.232503890991211, 4.686887264251709, 4.175567626953125, 3.698401927947998, 3.2551486492156982, 2.8454015254974365, 2.468709945678711, 2.124446392059326, 1.8117740154266357, 1.5297966003417969, 1.2774683237075806, 1.053531289100647, 0.856702446937561, 0.6854665279388428, 0.5383356809616089, 0.413593053817749, 0.3095659911632538, 0.22439055144786835, 0.1563057154417038, 0.10342986136674881, 0.06394851207733154, 0.036053333431482315, 0.018011009320616722, 0.008144160732626915, 0.004883856512606144, 0.006768432445824146, 0.012466898187994957, 0.02078750543296337, 0.03069007210433483, 0.04128759354352951, 0.05181969702243805, 0.06169526278972626, 0.07045552879571915, 0.07777922600507736, 0.0834444910287857, 0.08735881000757217, 0.08951138705015182, 0.08993841707706451, 0.08878599107265472, 0.08622774481773376, 0.08246859908103943, 0.07770739495754242, 0.07220219075679779, 0.06615740805864334, 0.05980268120765686, 0.05333723872900009, 0.046933241188526154, 0.04074697196483612, 0.0349126011133194, 0.02951063960790634, 0.0246296264231205, 0.020312020555138588, 0.01657337322831154, 0.013416359201073647, 0.010832950472831726, 0.008778344839811325, 0.007216352503746748, 0.006089362781494856, 0.005342792719602585, 0.00491707306355238, 0.004752888344228268, 0.004791020415723324, 0.004977575037628412, 0.005264474079012871, 0.005608272738754749, 0.0059709204360842705, 0.006323503330349922, 0.006640947889536619, 0.0069108824245631695, 0.007114526815712452, 0.007253389805555344, 0.00732400082051754, 0.007327319122850895, 0.007269405294209719, 0.007160655222833157, 0.007008870132267475, 0.006823333911597729, 0.006615627557039261, 0.0063925329595804214, 0.0061639766208827496, 0.0059411367401480675, 0.005727370735257864, 0.005531491246074438, 0.0053513916209340096, 0.005197713617235422, 0.005066137295216322, 0.004958971403539181, 0.004874001257121563, 0.004811286460608244],