{"main_loss": [0.002998584881424904, 0.002994234673678875, 0.0029897543136030436, 0.0029919345397502184, 0.002989624161273241, 0.0029874276369810104, 0.0029903408139944077, 0.002996416063979268, 0.0029974705539643764, 0.002996907802298665], "normality_loss": [12.531402587890625, 11.663925170898438, 10.825479507446289, 10.017081260681152, 9.239372253417969, 8.492977142333984, 7.778470993041992, 7.09665584564209, 6.447714805603027, 5.832117080688477], "total_loss": [12.534400939941406, 11.666919708251953, 10.828469276428223, 10.020072937011719, 9.242362022399902, 8.495965003967285, 7.781461238861084, 7.099652290344238, 6.450712203979492, 5.835114002227783], "normality_delta": [-0.048099548277701985, -0.047067574916319854, -0.04554067446626568, -0.04331935716168491, -0.04014378968977875, -0.03568582772653464, -0.02953902762164015, -0.021226481241891318, -0.010196589807092774, 0.004145290907075806]}
