{"main_loss": [0.003357460955157876, 0.003355128923431039, 0.0033506134059280157, 0.0033461814746260643, 0.0033384079579263926, 0.0033357928041368723, 0.0033347427379339933, 0.003332131775096059, 0.003327346406877041, 0.003325246274471283, 0.003319227835163474, 0.003315900219604373, 0.0033140333835035563, 0.0033120473381131887, 0.0033078889828175306, 0.0033063229639083147, 0.003304014913737774, 0.003294336376711726, 0.003295750357210636, 0.0032899994403123856, 0.00328572909347713, 0.0032824052032083273, 0.0032765318173915148, 0.0032667117193341255], "normality_loss": [0.05358505994081497, 0.050595905631780624, 0.047703202813863754, 0.04490713030099869, 0.04220941290259361, 0.039610665291547775, 0.03711019828915596, 0.03470975533127785, 0.03240828588604927, 0.030205756425857544, 0.028101570904254913, 0.026095690205693245, 0.024186687543988228, 0.02237332984805107, 0.02065473422408104, 0.019029127433896065, 0.017495140433311462, 0.01604999043047428, 0.014692229218780994, 0.0134194977581501, 0.01222932431846857, 0.01111898384988308, 0.01008593663573265, 0.009126952849328518], "total_loss": [0.056942522525787354, 0.05395103618502617, 0.051053814589977264, 0.04825331270694733, 0.04554782062768936, 0.042946457862854004, 0.04044494032859802, 0.03804188594222069, 0.035735633224248886, 0.03353100270032883, 0.03142079710960388, 0.029411589726805687, 0.02750072069466114, 0.025685377418994904, 0.02396262250840664, 0.02233545109629631, 0.02079915627837181, 0.019344326108694077, 0.01798797957599163, 0.016709497198462486, 0.015515053644776344, 0.01440138928592205, 0.013362468220293522, 0.012393664568662643], "normality_delta": [-0.049996182353462267, -0.049993168252995365, -0.04998793767517193, -0.04997899911631334, -0.04996395178423149, -0.04993902888458125, -0.049898420987894536, -0.04983332757966554, -0.0497307995904366, -0.04957207010773466, -0.049330633157793055, -0.04896986413812512, -0.048440509942974296, -0.047677786521935606, -0.04659883743802508, -0.04510025466838954, -0.043057261429192376, -0.04032188216487635, -0.0367275098541627, -0.03208765873488494, -0.026207296055661085, -0.018883704981757586, -0.009924972936968542, 0.0008534527873008194]}
