{"main_loss": [0.002998584881424904], "normality_loss": [], "total_loss": [0.002998584881424904], "normality_delta": [-0.048099548277701985]}
