{"main_loss": [0.002906195819377899, 0.002898445352911949, 0.0028909652028232813, 0.002881354885175824, 0.0028739087283611298, 0.0028665605932474136, 0.0028623424004763365, 0.002852923469617963, 0.0028438984882086515, 0.0028393277898430824, 0.002830181270837784, 0.002822053385898471, 0.0028133417945355177, 0.002803452080115676, 0.0027912475634366274, 0.0027865655720233917, 0.0027778036892414093, 0.0027648350223898888, 0.002754791406914592, 0.0027456122916191816, 0.0027285583782941103, 0.0027147631626576185, 0.0027064557652920485, 0.002694760449230671, 0.0026868339627981186, 0.002672069240361452, 0.002663301071152091, 0.0026519307866692543, 0.0026402685325592756, 0.0026329278480261564, 0.0026201875880360603, 0.002610706491395831, 0.0025981354992836714, 0.0025867540389299393, 0.0025739087723195553, 0.0025663082487881184, 0.0025575091131031513, 0.0025478038005530834, 0.002539276145398617, 0.002528699580579996, 0.0025216378271579742, 0.0025138112250715494, 0.002503789961338043, 0.002496219240128994, 0.002487953519448638, 0.002482024487107992, 0.0024710572324693203, 0.0024686711840331554, 0.0024637843016535044, 0.0024596478324383497, 0.002451290376484394, 0.002445889636874199, 0.0024384157732129097, 0.002432479988783598, 0.002430139807984233, 0.0024245218373835087, 0.0024217264726758003, 0.0024164970964193344, 0.002404661849141121, 0.002398674376308918, 0.0023941972758620977, 0.0023853126913309097, 0.002376692835241556, 0.002374037867411971, 0.002361769787967205, 0.00235144910402596, 0.002346987137570977, 0.0023434858303517103, 0.0023372438736259937, 0.002332971664145589, 0.0023281399626284838, 0.002319533145055175, 0.0023136206436902285, 0.0023042582906782627, 0.0022987837437540293, 0.0022896756418049335, 0.002282377565279603, 0.002277188701555133, 0.0022671357728540897, 0.0022583261597901583, 0.002252086764201522, 0.0022446897346526384, 0.0022407060023397207, 0.0022306530736386776, 0.002224292140454054, 0.002218912821263075, 0.00221256329677999, 0.002203901531174779, 0.0021998314186930656, 0.0021956039126962423, 0.0021853321231901646, 0.002177763031795621, 0.0021703788079321384, 0.0021659797057509422, 0.002158751245588064, 0.0021512710954993963, 0.002146814251318574, 0.002142158569768071, 0.0021313612814992666, 0.0021245090756565332], "normality_loss": [0.11959146708250046, 0.11496061086654663, 0.11043617129325867, 0.10601858794689178, 0.1017087996006012, 0.09750743955373764, 0.09341463446617126, 0.08943279087543488, 0.08556081354618073, 0.08179973065853119, 0.07814788818359375, 0.07460752874612808, 0.07117670774459839, 0.0678558349609375, 0.06464385986328125, 0.061540279537439346, 0.058543525636196136, 0.055653054267168045, 0.05286766588687897, 0.050186656415462494, 0.04760654270648956, 0.045128099620342255, 0.0427473820745945, 0.040464773774147034, 0.03827659413218498, 0.036181312054395676, 0.03417730703949928, 0.03226210176944733, 0.030433310195803642, 0.028688983991742134, 0.027025992050766945, 0.02544296532869339, 0.023936526849865913, 0.022505104541778564, 0.021145720034837723, 0.01985587552189827, 0.018633034080266953, 0.017475293949246407, 0.01637967675924301, 0.015343846753239632, 0.014365450479090214, 0.013442127034068108, 0.012571408413350582, 0.011751084588468075, 0.010978960432112217, 0.010252600535750389, 0.009570044465363026, 0.008928937837481499, 0.008327459916472435, 0.007763694506138563, 0.007235414814203978, 0.006741206161677837, 0.006278852932155132, 0.005846704822033644, 0.00544323306530714, 0.005066659301519394, 0.004715442191809416, 0.004388157743960619, 0.00408334843814373, 0.00379965640604496, 0.003535773605108261, 0.0032904092222452164, 0.0030624226201325655, 0.0028507355600595474, 0.002654073527082801, 0.0024716234765946865, 0.002302382607012987, 0.002145359292626381, 0.0019997789058834314, 0.001864768099039793, 0.0017396328039467335, 0.001623644377104938, 0.0015160999028012156, 0.0014163715532049537, 0.0013239558320492506, 0.0012382114073261619, 0.0011586612090468407, 0.001084841787815094, 0.0010163038969039917, 0.0009527356596663594, 0.0008935661753639579, 0.0008385801920667291, 0.0007874519797042012, 0.0007398646557703614, 0.0006955171702429652, 0.0006541739567182958, 0.0006156282033771276, 0.0005796349723823369, 0.000546013587154448, 0.0005145674804225564, 0.0004851287812925875, 0.00045758517808280885, 0.00043175288010388613, 0.000407536601414904, 0.0003847808111459017, 0.00036341953091323376, 0.0003433306410443038, 0.0003244307008571923, 0.00030663079814985394, 0.0002898485108744353], "total_loss": [0.12249766290187836, 0.11785905808210373, 0.11332713812589645, 0.10889994353055954, 0.10458271205425262, 0.1003739982843399, 0.09627697616815567, 0.09228571504354477, 0.08840471506118774, 0.0846390575170517, 0.08097806572914124, 0.07742958515882492, 0.07399004697799683, 0.07065928727388382, 0.06743510812520981, 0.06432684510946274, 0.061321329325437546, 0.05841789022088051, 0.05562245845794678, 0.052932269871234894, 0.050335101783275604, 0.04784286394715309, 0.045453839004039764, 0.04315953329205513, 0.04096342623233795, 0.03885338082909584, 0.03684060648083687, 0.034914031624794006, 0.03307357802987099, 0.03132191300392151, 0.02964618057012558, 0.02805367112159729, 0.026534661650657654, 0.025091858580708504, 0.023719629272818565, 0.0224221833050251, 0.021190542727708817, 0.020023098215460777, 0.018918953835964203, 0.01787254586815834, 0.016887087374925613, 0.015955938026309013, 0.015075198374688625, 0.014247303828597069, 0.013466914184391499, 0.012734625488519669, 0.012041101232171059, 0.011397609487175941, 0.010791243985295296, 0.01022334210574627, 0.009686704725027084, 0.009187095798552036, 0.008717268705368042, 0.008279184810817242, 0.007873373106122017, 0.007491181138902903, 0.007137168664485216, 0.006804654840379953, 0.006488010287284851, 0.006198330782353878, 0.0059299711138010025, 0.005675721913576126, 0.005439115688204765, 0.005224773660302162, 0.00501584354788065, 0.00482307281345129, 0.004649369977414608, 0.004488845355808735, 0.004337023012340069, 0.0041977399960160255, 0.004067772999405861, 0.003943177405744791, 0.0038297204300761223, 0.003720629960298538, 0.00362273957580328, 0.0035278871655464172, 0.0034410387743264437, 0.003362030489370227, 0.0032834396697580814, 0.0032110619358718395, 0.003145652823150158, 0.0030832700431346893, 0.0030281580984592438, 0.002970517612993717, 0.002919809427112341, 0.0028730868361890316, 0.002828191500157118, 0.002783536445349455, 0.002745844889432192, 0.0027101715095341206, 0.002670460846275091, 0.0026353481225669384, 0.0026021315716207027, 0.002573516219854355, 0.002543532056733966, 0.00251469062641263, 0.002490144921466708, 0.0024665892124176025, 0.0024379920214414597, 0.002414357615634799],