{"main_loss": [0.005549990572035313, 0.005373712163418531, 0.005074361339211464, 0.004964631516486406, 0.004766005557030439, 0.004649665206670761, 0.004474112764000893, 0.004427485167980194, 0.004368362948298454, 0.004305759444832802, 0.004165289923548698, 0.0039271824061870575, 0.003844242077320814, 0.003777360077947378, 0.00368344783782959, 0.0035452237352728844, 0.0034861741587519646], "normality_loss": [], "total_loss": [0.005549990572035313, 0.005373712163418531, 0.005074361339211464, 0.004964631516486406, 0.004766005557030439, 0.004649665206670761, 0.004474112764000893, 0.004427485167980194, 0.004368362948298454, 0.004305759444832802, 0.004165289923548698, 0.0039271824061870575, 0.003844242077320814, 0.003777360077947378, 0.00368344783782959, 0.0035452237352728844, 0.0034861741587519646], "normality_delta": [-0.049999999998487116, -0.04999999999841789, -0.0499999999983613, -0.04999999999831004, -0.04999999999825418, -0.04999999999819261, -0.049999999998126536, -0.04999999999805698, -0.049999999997984164, -0.04999999999790806, -0.049999999997827956, -0.04999999999774429, -0.04999999999765762, -0.049999999997568045, -0.049999999997475925, -0.04999999999738187, -0.04999999999728612]}
