{"main_loss": [0.005777842830866575, 0.0057628643698990345, 0.005755740683525801, 0.005750015377998352, 0.00573337497189641, 0.005722459871321917, 0.005714123602956533, 0.005697143729776144, 0.005693979095667601, 0.005684014409780502, 0.005685085896402597, 0.005672480911016464, 0.005671876948326826, 0.005670004989951849, 0.005662993993610144, 0.00565134733915329, 0.005646996200084686, 0.005634671542793512, 0.005629904568195343, 0.005623735953122377, 0.005618943367153406, 0.005606159567832947, 0.00559249147772789, 0.005583345890045166, 0.0055698067881166935, 0.005551450420171022, 0.005532579030841589, 0.005522869993001223, 0.005503289867192507, 0.005487979855388403, 0.005478309467434883, 0.005462967325001955, 0.005455449223518372, 0.005444966722279787, 0.005421966779977083, 0.0054087466560304165, 0.005396333057433367, 0.005385634023696184, 0.00535157136619091, 0.005336793605238199, 0.005321560427546501, 0.0053001753985881805, 0.0052839708514511585, 0.005261298734694719, 0.005247965920716524, 0.005217062309384346, 0.005188053473830223, 0.005162297282367945, 0.005142449401319027, 0.00512169161811471, 0.005096683278679848, 0.005083865486085415, 0.005066568031907082, 0.005053226836025715, 0.005029888823628426, 0.00499963341280818, 0.004973158240318298, 0.004946072585880756, 0.004911332856863737, 0.004891231656074524, 0.004878174047917128, 0.004858627915382385, 0.004829911980777979, 0.004817429929971695, 0.004800473339855671, 0.0047832271084189415, 0.0047691515646874905, 0.004755918402224779, 0.004719162359833717, 0.004688522312790155, 0.004662905354052782, 0.004645809065550566, 0.004633530043065548, 0.004606395494192839, 0.004590293392539024, 0.0045731766149401665, 0.004540343303233385, 0.004518924746662378, 0.004512165207415819, 0.004500686191022396, 0.004478498827666044, 0.004457932896912098, 0.0044321054592728615, 0.004404415842145681, 0.004375455901026726, 0.004337186459451914, 0.004244286101311445, 0.004135064780712128, 0.0038372869603335857, 0.0035226827021688223, 0.0033627778757363558, 0.0032497947104275227, 0.003190272953361273, 0.0031715354416519403, 0.003162515815347433, 0.003172084456309676, 0.0031616694759577513, 0.00315358629450202, 0.0031422714237123728, 0.003124804701656103], "normality_loss": [0.02095879428088665, 0.01915602758526802, 0.017440317198634148, 0.015812654048204422, 0.014273208566009998, 0.01282285712659359, 0.011462111957371235, 0.010189826600253582, 0.009006375446915627, 0.00791010633111, 0.006900160573422909, 0.005974653642624617, 0.005131491459906101, 0.004368345253169537, 0.003682472975924611, 0.003070569597184658, 0.0025294236838817596, 0.0020552165806293488, 0.001643941504880786, 0.0012916134437546134, 0.0009935862617567182, 0.0007455059676431119, 0.0005426914431154728, 0.00038048738497309387, 0.00025427137734368443, 0.00015950045781210065, 9.175701416097581e-05, 4.68198923044838e-05, 2.0664116163970903e-05, 9.59489079832565e-06, 1.0207787454419304e-05, 1.9444647477939725e-05, 3.4600670915097e-05, 5.336262984201312e-05, 7.370874664047733e-05, 9.406629396835342e-05, 0.00011312459537293762, 0.00012992045958526433, 0.00014377478510141373, 0.00015429336053784937, 0.00016129629511851817, 0.00016478307952638716, 0.00016482133651152253, 0.00016175884229596704, 0.00015587623056489974, 0.0001476262987125665, 0.0001374372950522229, 0.00012582918861880898, 0.00011323296348564327, 0.00010013719293056056, 8.692547271493822e-05, 7.402004121104255e-05, 6.172736175358295e-05, 5.028243322158232e-05, 3.9912891224958e-05, 3.0720355425728485e-05, 2.2815203919890337e-05, 1.619241629668977e-05, 1.0835309694812167e-05, 6.682580988126574e-06, 3.6443293538468424e-06, 1.6167988405868527e-06, 4.615954196651728e-07, 3.9365982473782424e-08, 2.150599414108001e-07, 8.542016303181299e-07, 1.8317207377549494e-06, 3.023297722393181e-06, 4.320275820646202e-06, 5.653846528730355e-06, 6.9515003815467935e-06, 8.141990292642731e-06, 9.16502540349029e-06, 9.987778867071029e-06, 1.0615793144097552e-05, 1.1038062439183705e-05, 1.124683149100747e-05, 1.1241602805966977e-05, 1.1037566764571238e-05, 1.0645587281032931e-05, 1.0113283678947482e-05, 9.463012247579172e-06, 8.724348845134955e-06, 7.950467079353984e-06, 7.162761903600767e-06, 6.402200597221963e-06, 5.741123459301889e-06, 5.211424195294967e-06, 4.780396466230741e-06, 4.436150902620284e-06, 4.118371180084068e-06, 3.822769031103235e-06, 3.5386781291890657e-06, 3.264754923293367e-06, 3.0001406230439898e-06, 2.748213319136994e-06, 2.525506943129585e-06, 2.3229524686030345e-06, 2.153413106498192e-06, 2.01631291929516e-06], "total_loss": [0.026736637577414513, 0.024918891489505768, 0.023196058347821236, 0.021562669426202774, 0.020006584003567696, 0.01854531653225422, 0.01717623509466648, 0.01588696986436844, 0.014700355008244514, 0.013594120740890503, 0.012585246935486794, 0.011647135019302368, 0.01080336794257164, 0.010038349777460098, 0.009345467202365398, 0.008721916936337948, 0.008176419883966446, 0.007689888123422861, 0.007273846305906773, 0.006915349513292313, 0.0066125295124948025, 0.00635166559368372, 0.006135182920843363, 0.005963833071291447, 0.005824078340083361, 0.005710951052606106, 0.005624336190521717, 0.005569689907133579, 0.005523954052478075, 0.005497574806213379, 0.005488517228513956, 0.005482411943376064, 0.005490049719810486, 0.0054983291774988174, 0.005495675373822451, 0.005502813030034304, 0.005509457550942898, 0.005515554454177618, 0.005495346151292324, 0.00549108674749732, 0.005482856649905443, 0.005464958492666483, 0.00544879212975502, 0.005423057358711958, 0.005403842311352491, 0.005364688578993082, 0.0053254906088113785, 0.005288126412779093, 0.005255682393908501, 0.005221828818321228, 0.005183608736842871, 0.005157885607331991, 0.005128295160830021, 0.005103509407490492, 0.0050698015838861465, 0.005030353553593159, 0.004995973315089941, 0.004962265025824308, 0.004922168329358101, 0.004897914361208677, 0.004881818313151598, 0.004860244691371918, 0.004830373451113701, 0.004817469511181116, 0.004800688475370407, 0.004784081131219864, 0.004770983476191759, 0.004758941475301981, 0.0047234827652573586, 0.004694176372140646, 0.004669856745749712, 0.0046539511531591415, 0.004642695188522339, 0.004616383463144302, 0.004600909072905779, 0.004584214650094509, 0.004551589954644442, 0.0045301662757992744, 0.0045232027769088745, 0.004511331673711538, 0.004488612059503794, 0.004467396065592766, 0.004440829623490572, 0.004412366077303886, 0.004382618702948093, 0.004343588836491108, 0.004250027239322662, 0.004140275996178389, 0.003842067439109087, 0.0035271188244223595, 0.0033668961841613054, 0.0032536175567656755, 0.003193811746314168, 0.003174800192937255, 0.003165516071021557, 0.003174832556396723, 0.003164194989949465, 0.0031559092458337545, 0.0031444248743355274, 0.0031268210150301456],