{"main_loss": [0.003950979560613632, 0.0036440689582377672, 0.003598047886043787, 0.003560229204595089, 0.0035227774642407894, 0.003493794472888112, 0.003460254520177841, 0.003430961398407817, 0.0033979422878473997, 0.0033704673405736685], "normality_loss": [382.18121337890625, 382.1308898925781, 382.1021423339844, 382.0877990722656, 382.0838317871094, 382.0908508300781, 382.1059265136719, 382.1279296875, 382.15679931640625, 382.19171142578125], "total_loss": [0.003950979560613632, 0.0036440689582377672, 0.003598047886043787, 0.003560229204595089, 0.0035227774642407894, 0.003493794472888112, 0.003460254520177841, 0.003430961398407817, 0.0033979422878473997, 0.0033704673405736685], "normality_delta": [-0.05, -0.05, -0.05, -0.05, -0.05, -0.05, -0.05, -0.05, -0.05, -0.05]}
