{"main_loss": [0.002998592332005501], "normality_loss": [], "total_loss": [0.002998592332005501], "normality_delta": [-0.048099548277701985]}
