{"main_loss": [0.003950969316065311, 0.003880963195115328, 0.0037864360492676497, 0.003715001977980137, 0.0037012496031820774, 0.003695831401273608, 0.003692964557558298, 0.0036917352117598057, 0.0036930441856384277, 0.003699791617691517, 0.0037065153010189533, 0.0037139286287128925, 0.0037211941089481115, 0.003726157359778881, 0.003725276328623295, 0.003719538450241089, 0.003708012169227004, 0.0037062731571495533, 0.003702655201777816, 0.0036956672556698322, 0.0036950823850929737, 0.0036968858912587166, 0.0036982984747737646, 0.003697602543979883, 0.0037032319232821465, 0.0037037383299320936, 0.0037034759297966957, 0.003702858928591013, 0.0037040752358734608, 0.003701957408338785, 0.0036993729881942272, 0.0036947675980627537, 0.003693490754812956, 0.003689276520162821, 0.0036889277398586273, 0.003691361751407385, 0.0036932132206857204, 0.0036971799563616514, 0.0036963974125683308, 0.00369698042050004, 0.0036964425817131996, 0.003695451421663165, 0.00369017175398767, 0.0036884709261357784, 0.0036884606815874577, 0.0036883726716041565, 0.003688730066642165, 0.003686376614496112, 0.0036848317831754684, 0.0036851675249636173, 0.0036850040778517723, 0.003681938163936138, 0.003684230614453554, 0.0036815209314227104, 0.0036830042954534292, 0.0036820503883063793, 0.00368118891492486, 0.0036813567858189344, 0.003683086484670639, 0.0036841286346316338, 0.0036845002323389053, 0.0036844180431216955, 0.0036848345771431923, 0.003682583337649703, 0.0036820503883063793, 0.0036793998442590237, 0.00368037773296237, 0.003678679233416915, 0.0036779618822038174, 0.003677443601191044, 0.0036745991092175245, 0.0036725157406181097, 0.0036722803488373756, 0.0036723404191434383, 0.003673055674880743, 0.0036731986328959465, 0.003673501079902053, 0.003673338098451495, 0.003672296181321144, 0.003672541817650199, 0.003671084064990282, 0.0036713145673274994, 0.00366925448179245, 0.0036697217728942633, 0.0036703948862850666, 0.0036696195602416992, 0.0036693676374852657, 0.0036689946427941322, 0.003669397672638297, 0.003669110592454672, 0.0036706672981381416, 0.0036717355251312256, 0.0036722980439662933, 0.0036707348190248013, 0.003669234924018383, 0.003668007208034396, 0.00366594223305583, 0.003665816504508257, 0.0036662411876022816, 0.003666902659460902], "normality_loss": [2.0234837532043457, 1.9987988471984863, 1.9743216037750244, 1.9500483274459839, 1.925960898399353, 1.9020715951919556, 1.8783810138702393, 1.8549010753631592, 1.8316243886947632, 1.8085614442825317, 1.7857134342193604, 1.7630865573883057, 1.7406684160232544, 1.718478798866272, 1.6965110301971436, 1.674766182899475, 1.6532437801361084, 1.6319435834884644, 1.6108660697937012, 1.5900099277496338, 1.5693707466125488, 1.5489556789398193, 1.528757929801941, 1.5087816715240479, 1.489028811454773, 1.4694929122924805, 1.4501789808273315, 1.4310866594314575, 1.4122124910354614, 1.393555998802185, 1.3751142024993896, 1.3568896055221558, 1.3388738632202148, 1.3210761547088623, 1.3034825325012207, 1.286097526550293, 1.2689216136932373, 1.2519488334655762, 1.235183596611023, 1.2186187505722046, 1.2022557258605957, 1.1860957145690918, 1.1701276302337646, 1.15435791015625, 1.1387816667556763, 1.1233962774276733, 1.1082007884979248, 1.093193531036377, 1.0783698558807373, 1.0637309551239014, 1.049274206161499, 1.0349968671798706, 1.0208983421325684, 1.0069787502288818, 0.9932298064231873, 0.9796575307846069, 0.9662522673606873, 0.9530165791511536, 0.9399489760398865, 0.9270449876785278, 0.9143004417419434, 0.9017184376716614, 0.8892977237701416, 0.8770328760147095, 0.8649232983589172, 0.8529678583145142, 0.841164767742157, 0.8295130133628845, 0.8180080652236938, 0.8066485524177551, 0.7954378724098206, 0.78436678647995, 0.7734370231628418, 0.7626460790634155, 0.7519966959953308, 0.7414804697036743, 0.7311002612113953, 0.7208532094955444, 0.7107371687889099, 0.7007520794868469, 0.6908959150314331, 0.6811650395393372, 0.6715598106384277, 0.662078320980072, 0.6527197360992432, 0.6434847116470337, 0.6343649625778198, 0.6253634095191956, 0.6164782047271729, 0.6077119708061218, 0.5990561842918396, 0.5905130505561829, 0.5820836424827576, 0.5737614631652832, 0.5655475854873657, 0.5574424266815186, 0.5494406819343567, 0.541544497013092, 0.5337535738945007, 0.5260626673698425], "total_loss": [2.027434825897217, 2.0026798248291016, 1.9781080484390259, 1.9537633657455444, 1.9296621084213257, 1.9057674407958984, 1.882073998451233, 1.8585928678512573, 1.8353173732757568, 1.8122612237930298, 1.7894200086593628, 1.7668005228042603, 1.7443896532058716, 1.7222049236297607, 1.7002363204956055, 1.6784857511520386, 1.6569517850875854, 1.6356498003005981, 1.6145687103271484, 1.593705654144287, 1.5730658769607544, 1.5526525974273682, 1.5324562788009644, 1.512479305267334, 1.492732048034668, 1.4731966257095337, 1.4538824558258057, 1.4347895383834839, 1.4159165620803833, 1.397257924079895, 1.378813624382019, 1.3605843782424927, 1.3425673246383667, 1.3247654438018799, 1.3071714639663696, 1.289788842201233, 1.27261483669281, 1.255645990371704, 1.2388800382614136, 1.222315788269043, 1.2059521675109863, 1.189791202545166, 1.173817753791809, 1.1580463647842407, 1.142470121383667, 1.1270846128463745, 1.1118894815444946, 1.0968799591064453, 1.0820547342300415, 1.0674160718917847, 1.0529592037200928, 1.038678765296936, 1.0245826244354248, 1.0106602907180786, 0.9969128370285034, 0.9833396077156067, 0.9699334502220154, 0.956697940826416, 0.9436320662498474, 0.93072909116745, 0.9179849624633789, 0.9054028391838074, 0.892982542514801, 0.8807154297828674, 0.868605375289917, 0.856647253036499, 0.8448451161384583, 0.8331916928291321, 0.8216860294342041, 0.8103259801864624, 0.7991124987602234, 0.7880393266677856, 0.7771093249320984, 0.7663184404373169, 0.7556697726249695, 0.7451536655426025, 0.7347737550735474, 0.7245265245437622, 0.7144094705581665, 0.7044246196746826, 0.6945670247077942, 0.6848363280296326, 0.6752290725708008, 0.6657480597496033, 0.6563901305198669, 0.6471543312072754, 0.6380343437194824, 0.6290324330329895, 0.6201475858688354, 0.6113810539245605, 0.6027268767356873, 0.5941847562789917, 0.5857559442520142, 0.5774322152137756, 0.5692168474197388, 0.5611104369163513, 0.5531066060066223, 0.5452103018760681, 0.5374197959899902, 0.5297295451164246], "normality_delta": [-0.05, -0.05, -0.05, -0.05, -0.05, -0.05, -0.05, -0.05, -0.05, -0.05, -0.05, -0.05, -0.05, -0.05, -0.05, -0.05, -0.05, -0.05, -0.05, -0.05, -0.05, -0.05, -0.05, -0.05, -0.05, -0.05, -0.05, -0.05, -0.05, -0.05, -0.05, -0.05, -0.05, -0.05, -0.05, -0.05, -0.05, -0.05, -0.05, -0.05, -0.05, -0.05, -0.05, -0.05, -0.05, -0.05, -0.05, -0.05, -0.05, -0.05, -0.05, -0.05, -0.05, -0.05, -0.05, -0.05, -0.05, -0.05, -0.05, -0.05, -0.05, -0.05, -0.05, -0.05, -0.05, -0.05, -0.05, -0.05, -0.05, -0.05, -0.05, -0.05, -0.05, -0.05, -0.05, -0.05, -0.05, -0.05, -0.05, -0.05, -0.05, -0.05, -0.05, -0.05, -0.05, -0.05, -0.05, -0.05, -0.05, -0.05, -0.05, -0.05, -0.05, -0.05, -0.05, -0.05, -0.05, -0.05, -0.05, -0.05]}
